,row,Species,RPM,adjustedRPM,microbial %,Hits,Truth,Run,RPMThreshold,sampleType,cycles,organism,total reads,dilution factor,nanodrop
0,1124,Methylobacterium aquaticum,0.3571873779981862,0.25256961713676007,0.15384615384615385,2.0,TN,BF23bc,2.5958682112,Pleural Fluid,7.5,nan,5599302.0,1.0,
0,1124,Acetobacter nitrogenifigens,0.0,0.0,0.0,0.0,Extra TN,BF23bc,2.5958682112,Pleural Fluid,7.5,nan,5599302.0,1.0,
0,1124,Pseudomonas pseudoalcaligenes,0.0,0.0,0.0,0.0,Extra TN,BF23bc,2.5958682112,Pleural Fluid,7.5,nan,5599302.0,1.0,
0,1124,Pseudomonas sp. LM13,0.0,0.0,0.0,0.0,Extra TN,BF23bc,2.5958682112,Pleural Fluid,7.5,nan,5599302.0,1.0,
0,1124,Pseudomonas sp. JR1,0.0,0.0,0.0,0.0,Extra TN,BF23bc,2.5958682112,Pleural Fluid,7.5,nan,5599302.0,1.0,
0,1124,Pseudomonas sp. FGI182,0.0,0.0,0.0,0.0,Extra TN,BF23bc,2.5958682112,Pleural Fluid,7.5,nan,5599302.0,1.0,
0,1124,Pseudomonas sp. 12M76_air,0.0,0.0,0.0,0.0,Extra TN,BF23bc,2.5958682112,Pleural Fluid,7.5,nan,5599302.0,1.0,
0,1124,Pseudomonas simiae,0.0,0.0,0.0,0.0,Extra TN,BF23bc,2.5958682112,Pleural Fluid,7.5,nan,5599302.0,1.0,
0,1124,Pseudomonas savastanoi,0.0,0.0,0.0,0.0,Extra TN,BF23bc,2.5958682112,Pleural Fluid,7.5,nan,5599302.0,1.0,
0,1124,Pseudomonas rhizosphaerae,0.0,0.0,0.0,0.0,Extra TN,BF23bc,2.5958682112,Pleural Fluid,7.5,nan,5599302.0,1.0,
0,1138,Enterobacter cloacae,0.3104796024991745,0.620959204998349,0.044444444444444446,2.0,TN,BF23bc,2.5958682112,Peritoneal Fluid,6.0,nan,6441647.0,1.0,
0,1138,Acetobacter nitrogenifigens,0.0,0.0,0.0,0.0,Extra TN,BF23bc,2.5958682112,Peritoneal Fluid,6.0,nan,6441647.0,1.0,
0,1138,Pseudomonas putida,0.0,0.0,0.0,0.0,Extra TN,BF23bc,2.5958682112,Peritoneal Fluid,6.0,nan,6441647.0,1.0,
0,1138,Pseudomonas sp. Lz4W,0.0,0.0,0.0,0.0,Extra TN,BF23bc,2.5958682112,Peritoneal Fluid,6.0,nan,6441647.0,1.0,
0,1138,Pseudomonas sp. LM13,0.0,0.0,0.0,0.0,Extra TN,BF23bc,2.5958682112,Peritoneal Fluid,6.0,nan,6441647.0,1.0,
0,1138,Pseudomonas sp. JR1,0.0,0.0,0.0,0.0,Extra TN,BF23bc,2.5958682112,Peritoneal Fluid,6.0,nan,6441647.0,1.0,
0,1138,Pseudomonas sp. FGI182,0.0,0.0,0.0,0.0,Extra TN,BF23bc,2.5958682112,Peritoneal Fluid,6.0,nan,6441647.0,1.0,
0,1138,Pseudomonas sp. 12M76_air,0.0,0.0,0.0,0.0,Extra TN,BF23bc,2.5958682112,Peritoneal Fluid,6.0,nan,6441647.0,1.0,
0,1138,Pseudomonas simiae,0.0,0.0,0.0,0.0,Extra TN,BF23bc,2.5958682112,Peritoneal Fluid,6.0,nan,6441647.0,1.0,
0,1138,Pseudomonas savastanoi,0.0,0.0,0.0,0.0,Extra TN,BF23bc,2.5958682112,Peritoneal Fluid,6.0,nan,6441647.0,1.0,
0,1153LW6,Propionibacterium acnes,51.57069415102952,6.44633676887869,0.7716129032258064,598.0,FP,BF23bc,2.5958682112,Pleural Fluid,10.0,nan,11595733.0,1.0,
0,1153LW6,Achromobacter xylosoxidans,0.603670332871583,0.07545879160894788,0.00903225806451613,7.0,Extra TN,BF23bc,2.5958682112,Pleural Fluid,10.0,nan,11595733.0,1.0,
0,1153LW6,Variovorax paradoxus,0.5174317138899284,0.06467896423624105,0.007741935483870968,6.0,Extra TN,BF23bc,2.5958682112,Pleural Fluid,10.0,nan,11595733.0,1.0,
0,1153LW6,Rhodopseudomonas palustris,0.3449544759266189,0.04311930949082736,0.005161290322580645,4.0,Extra TN,BF23bc,2.5958682112,Pleural Fluid,10.0,nan,11595733.0,1.0,
0,1153LW6,Halomonas elongata,0.3449544759266189,0.04311930949082736,0.005161290322580645,4.0,Extra TN,BF23bc,2.5958682112,Pleural Fluid,10.0,nan,11595733.0,1.0,
0,1153LW6,Propionibacterium avidum,0.2587158569449642,0.0,0.003870967741935484,3.0,Extra TN,BF23bc,2.5958682112,Pleural Fluid,10.0,nan,11595733.0,1.0,
0,1153LW6,Enterobacter cloacae,0.2587158569449642,0.03233948211812052,0.003870967741935484,3.0,Extra TN,BF23bc,2.5958682112,Pleural Fluid,10.0,nan,11595733.0,1.0,
0,1153LW6,Comamonadaceae bacterium A1,0.17247723796330944,0.02155965474541368,0.0025806451612903226,2.0,Extra TN,BF23bc,2.5958682112,Pleural Fluid,10.0,nan,11595733.0,1.0,
0,1153LW6,Pseudomonas putida,0.17247723796330944,0.02155965474541368,0.0025806451612903226,2.0,Extra TN,BF23bc,2.5958682112,Pleural Fluid,10.0,nan,11595733.0,1.0,
0,1153LW6,Coprococcus sp. ART55/1,0.17247723796330944,0.02155965474541368,0.0025806451612903226,2.0,Extra TN,BF23bc,2.5958682112,Pleural Fluid,10.0,nan,11595733.0,1.0,
0,1168LW25,Xanthomonas campestris,0.13774558143167523,0.13774558143167523,0.030303030303030304,1.0,TN,BF23bc,2.5958682112,Peritoneal Fluid,7.0,nan,7259761.0,1.0,
0,1168LW25,Acetobacter nitrogenifigens,0.0,0.0,0.0,0.0,Extra TN,BF23bc,2.5958682112,Peritoneal Fluid,7.0,nan,7259761.0,1.0,
0,1168LW25,Pseudomonas putida,0.0,0.0,0.0,0.0,Extra TN,BF23bc,2.5958682112,Peritoneal Fluid,7.0,nan,7259761.0,1.0,
0,1168LW25,Pseudomonas sp. LM13,0.0,0.0,0.0,0.0,Extra TN,BF23bc,2.5958682112,Peritoneal Fluid,7.0,nan,7259761.0,1.0,
0,1168LW25,Pseudomonas sp. JR1,0.0,0.0,0.0,0.0,Extra TN,BF23bc,2.5958682112,Peritoneal Fluid,7.0,nan,7259761.0,1.0,
0,1168LW25,Pseudomonas sp. FGI182,0.0,0.0,0.0,0.0,Extra TN,BF23bc,2.5958682112,Peritoneal Fluid,7.0,nan,7259761.0,1.0,
0,1168LW25,Pseudomonas sp. 12M76_air,0.0,0.0,0.0,0.0,Extra TN,BF23bc,2.5958682112,Peritoneal Fluid,7.0,nan,7259761.0,1.0,
0,1168LW25,Pseudomonas simiae,0.0,0.0,0.0,0.0,Extra TN,BF23bc,2.5958682112,Peritoneal Fluid,7.0,nan,7259761.0,1.0,
0,1168LW25,Pseudomonas savastanoi,0.0,0.0,0.0,0.0,Extra TN,BF23bc,2.5958682112,Peritoneal Fluid,7.0,nan,7259761.0,1.0,
0,1168LW25,Pseudomonas rhizosphaerae,0.0,0.0,0.0,0.0,Extra TN,BF23bc,2.5958682112,Peritoneal Fluid,7.0,nan,7259761.0,1.0,
0,1111,Enterobacter cloacae,2.544343130114527,0.05622257128029339,0.03680981595092025,12.0,TN,BF23bc,2.5958682112,CSF,12.5,nan,4716345.0,1.0,
0,1111,Stenotrophomonas maltophilia,2.3323145359383166,0.05153735700693561,0.03374233128834356,11.0,Extra TN,BF23bc,2.5958682112,CSF,12.5,nan,4716345.0,1.0,
0,1111,Thermus thermophilus,2.3323145359383166,0.05153735700693561,0.03374233128834356,11.0,Extra TN,BF23bc,2.5958682112,CSF,12.5,nan,4716345.0,1.0,
0,1111,Citrobacter freundii,1.4842001592334741,0.03279649991350448,0.02147239263803681,7.0,Extra TN,BF23bc,2.5958682112,CSF,12.5,nan,4716345.0,1.0,
0,1111,Achromobacter xylosoxidans,1.4842001592334741,0.03279649991350448,0.02147239263803681,7.0,Extra TN,BF23bc,2.5958682112,CSF,12.5,nan,4716345.0,1.0,
0,1111,Bradyrhizobium sp. S23321,1.4842001592334741,0.03279649991350448,0.02147239263803681,7.0,Extra TN,BF23bc,2.5958682112,CSF,12.5,nan,4716345.0,1.0,
0,1111,Propionibacterium acnes,1.2721715650572636,0.028111285640146696,0.018404907975460124,6.0,Extra TN,BF23bc,2.5958682112,CSF,12.5,nan,4716345.0,1.0,
0,1111,Klebsiella oxytoca,1.2721715650572636,0.028111285640146696,0.018404907975460124,6.0,Extra TN,BF23bc,2.5958682112,CSF,12.5,nan,4716345.0,1.0,
0,1111,Burkholderia cepacia,1.060142970881053,0.023426071366788915,0.015337423312883436,5.0,Extra TN,BF23bc,2.5958682112,CSF,12.5,nan,4716345.0,1.0,
0,1111,Tolumonas auensis,0.8481143767048424,0.01874085709343113,0.012269938650306749,4.0,Extra TN,BF23bc,2.5958682112,CSF,12.5,nan,4716345.0,1.0,
0,977,Enterobacter cloacae,0.10152089467521892,0.14357222611394513,0.02158273381294964,3.0,TN,BF22cd,2.5958682112,Pleural Fluid,6.5,nan,29550567.0,1.0,
0,977,Pseudomonas aeruginosa,0.06768059645014594,0.09571481740929676,0.014388489208633094,2.0,Extra TN,BF22cd,2.5958682112,Pleural Fluid,6.5,nan,29550567.0,1.0,
0,977,Pseudomonas pseudoalcaligenes,0.06768059645014594,0.09571481740929676,0.014388489208633094,2.0,Extra TN,BF22cd,2.5958682112,Pleural Fluid,6.5,nan,29550567.0,1.0,
0,977,Escherichia coli,0.06768059645014594,0.09571481740929676,0.014388489208633094,2.0,Extra TN,BF22cd,2.5958682112,Pleural Fluid,6.5,nan,29550567.0,1.0,
0,977,Thauera sp. MZ1T,0.03384029822507297,0.04785740870464838,0.007194244604316547,1.0,Extra TN,BF22cd,2.5958682112,Pleural Fluid,6.5,nan,29550567.0,1.0,
0,977,Corynebacterium humireducens,0.03384029822507297,0.04785740870464838,0.007194244604316547,1.0,Extra TN,BF22cd,2.5958682112,Pleural Fluid,6.5,nan,29550567.0,1.0,
0,977,Novosphingobium sp. PP1Y,0.03384029822507297,0.04785740870464838,0.007194244604316547,1.0,Extra TN,BF22cd,2.5958682112,Pleural Fluid,6.5,nan,29550567.0,1.0,
0,977,Sphingomonas sanxanigenens,0.03384029822507297,0.04785740870464838,0.007194244604316547,1.0,Extra TN,BF22cd,2.5958682112,Pleural Fluid,6.5,nan,29550567.0,1.0,
0,977,Rhodococcus jostii,0.03384029822507297,0.04785740870464838,0.007194244604316547,1.0,Extra TN,BF22cd,2.5958682112,Pleural Fluid,6.5,nan,29550567.0,1.0,
0,977,Pseudomonas brassicacearum,0.0,0.0,0.0,0.0,Extra TN,BF22cd,2.5958682112,Pleural Fluid,6.5,nan,29550567.0,1.0,
0,979,Citrobacter freundii,0.4348925845215097,0.4348925845215097,0.1702127659574468,8.0,TN,BF22cd,2.5958682112,Peritoneal Fluid,7.0,nan,18395347.0,1.0,
0,979,Enterobacter asburiae,0.32616943839113227,0.32616943839113227,0.1276595744680851,6.0,Extra TN,BF22cd,2.5958682112,Peritoneal Fluid,7.0,nan,18395347.0,1.0,
0,979,Propionibacterium acnes,0.21744629226075485,0.21744629226075485,0.0851063829787234,4.0,Extra TN,BF22cd,2.5958682112,Peritoneal Fluid,7.0,nan,18395347.0,1.0,
0,979,Lysinibacillus varians,0.10872314613037742,0.10872314613037742,0.0425531914893617,2.0,Extra TN,BF22cd,2.5958682112,Peritoneal Fluid,7.0,nan,18395347.0,1.0,
0,979,Burkholderia lata,0.10872314613037742,0.10872314613037742,0.0425531914893617,2.0,Extra TN,BF22cd,2.5958682112,Peritoneal Fluid,7.0,nan,18395347.0,1.0,
0,979,Isosphaera pallida,0.10872314613037742,0.10872314613037742,0.0425531914893617,2.0,Extra TN,BF22cd,2.5958682112,Peritoneal Fluid,7.0,nan,18395347.0,1.0,
0,979,Enterobacter cloacae,0.10872314613037742,0.10872314613037742,0.0425531914893617,2.0,Extra TN,BF22cd,2.5958682112,Peritoneal Fluid,7.0,nan,18395347.0,1.0,
0,979,Pseudomonas fluorescens,0.0,0.0,0.0,0.0,Extra TN,BF22cd,2.5958682112,Peritoneal Fluid,7.0,nan,18395347.0,1.0,
0,979,Pseudomonas entomophila,0.0,0.0,0.0,0.0,Extra TN,BF22cd,2.5958682112,Peritoneal Fluid,7.0,nan,18395347.0,1.0,
0,979,Pseudomonas denitrificans,0.0,0.0,0.0,0.0,Extra TN,BF22cd,2.5958682112,Peritoneal Fluid,7.0,nan,18395347.0,1.0,
0,980,Citrobacter freundii,0.45680038736672846,0.32300665155565544,0.1794871794871795,7.0,TN,BF22cd,2.5958682112,Pleural Fluid,7.5,nan,15323980.0,1.0,
0,980,Enterobacter cloacae,0.39154318917148156,0.27686284419056184,0.15384615384615385,6.0,Extra TN,BF22cd,2.5958682112,Pleural Fluid,7.5,nan,15323980.0,1.0,
0,980,Providencia stuartii,0.06525719819524692,0.04614380736509363,0.02564102564102564,1.0,Extra TN,BF22cd,2.5958682112,Pleural Fluid,7.5,nan,15323980.0,1.0,
0,980,Asticcacaulis excentricus,0.06525719819524692,0.04614380736509363,0.02564102564102564,1.0,Extra TN,BF22cd,2.5958682112,Pleural Fluid,7.5,nan,15323980.0,1.0,
0,980,Pseudomonas alkylphenolia,0.0,0.0,0.0,0.0,Extra TN,BF22cd,2.5958682112,Pleural Fluid,7.5,nan,15323980.0,1.0,
0,980,Pseudomonas balearica,0.0,0.0,0.0,0.0,Extra TN,BF22cd,2.5958682112,Pleural Fluid,7.5,nan,15323980.0,1.0,
0,980,Pseudomonas brassicacearum,0.0,0.0,0.0,0.0,Extra TN,BF22cd,2.5958682112,Pleural Fluid,7.5,nan,15323980.0,1.0,
0,980,Pseudomonas aeruginosa,0.0,0.0,0.0,0.0,Extra TN,BF22cd,2.5958682112,Pleural Fluid,7.5,nan,15323980.0,1.0,
0,980,Pseudomonas fulva,0.0,0.0,0.0,0.0,Extra TN,BF22cd,2.5958682112,Pleural Fluid,7.5,nan,15323980.0,1.0,
0,980,Pseudomonas chlororaphis,0.0,0.0,0.0,0.0,Extra TN,BF22cd,2.5958682112,Pleural Fluid,7.5,nan,15323980.0,1.0,
0,981,Propionibacterium acnes,0.3473126079165394,0.3473126079165394,0.1,2.0,TN,BF22cd,2.5958682112,Pleural Fluid,7.0,nan,5758501.0,1.0,
0,981,Citrobacter freundii,0.3473126079165394,0.3473126079165394,0.1,2.0,Extra TN,BF22cd,2.5958682112,Pleural Fluid,7.0,nan,5758501.0,1.0,
0,981,Klebsiella pneumoniae,0.3473126079165394,0.3473126079165394,0.1,2.0,Extra TN,BF22cd,2.5958682112,Pleural Fluid,7.0,nan,5758501.0,1.0,
0,981,Enterobacter cloacae,0.3473126079165394,0.3473126079165394,0.1,2.0,Extra TN,BF22cd,2.5958682112,Pleural Fluid,7.0,nan,5758501.0,1.0,
0,981,Enterobacter asburiae,0.1736563039582697,0.1736563039582697,0.05,1.0,Extra TN,BF22cd,2.5958682112,Pleural Fluid,7.0,nan,5758501.0,1.0,
0,981,Salmonella bongori,0.1736563039582697,0.1736563039582697,0.05,1.0,Extra TN,BF22cd,2.5958682112,Pleural Fluid,7.0,nan,5758501.0,1.0,
0,981,Pseudomonas cichorii,0.0,0.0,0.0,0.0,Extra TN,BF22cd,2.5958682112,Pleural Fluid,7.0,nan,5758501.0,1.0,
0,981,Pseudomonas entomophila,0.0,0.0,0.0,0.0,Extra TN,BF22cd,2.5958682112,Pleural Fluid,7.0,nan,5758501.0,1.0,
0,981,Pseudomonas denitrificans,0.0,0.0,0.0,0.0,Extra TN,BF22cd,2.5958682112,Pleural Fluid,7.0,nan,5758501.0,1.0,
0,981,Pseudomonas deceptionensis,0.0,0.0,0.0,0.0,Extra TN,BF22cd,2.5958682112,Pleural Fluid,7.0,nan,5758501.0,1.0,
0,992,Enterobacter cloacae,22.169254557648696,0.12246898618409507,0.1842870999030068,190.0,TN,BF22cd,2.5958682112,CSF,14.5,nan,8570428.0,1.0,
0,992,Citrobacter freundii,17.26868249753688,0.09539689450129511,0.14354995150339475,148.0,Extra TN,BF22cd,2.5958682112,CSF,14.5,nan,8570428.0,1.0,
0,992,Achromobacter xylosoxidans,6.184055218712531,0.03416240140924757,0.05140640155189137,53.0,Extra TN,BF22cd,2.5958682112,CSF,14.5,nan,8570428.0,1.0,
0,992,Propionibacterium acnes,5.9506946444214925,0.0328732541862571,0.049466537342386034,51.0,Extra TN,BF22cd,2.5958682112,CSF,14.5,nan,8570428.0,1.0,
0,992,Enterobacter asburiae,2.333605742910389,0.012891472229904744,0.019398642095053348,20.0,Extra TN,BF22cd,2.5958682112,CSF,14.5,nan,8570428.0,1.0,
0,992,Stenotrophomonas maltophilia,1.750204307182792,0.009668604172428558,0.014548981571290009,15.0,Extra TN,BF22cd,2.5958682112,CSF,14.5,nan,8570428.0,1.0,
0,992,Pseudomonas aeruginosa,1.750204307182792,0.009668604172428558,0.014548981571290009,15.0,Extra TN,BF22cd,2.5958682112,CSF,14.5,nan,8570428.0,1.0,
0,992,Escherichia coli,1.6335240200372725,0.009024030560933321,0.013579049466537343,14.0,Extra TN,BF22cd,2.5958682112,CSF,14.5,nan,8570428.0,1.0,
0,992,Salmonella enterica,1.6335240200372725,0.009024030560933321,0.013579049466537343,14.0,Extra TN,BF22cd,2.5958682112,CSF,14.5,nan,8570428.0,1.0,
0,992,Pseudomonas fluorescens,1.516843732891753,0.008379456949438084,0.012609117361784675,13.0,Extra TN,BF22cd,2.5958682112,CSF,14.5,nan,8570428.0,1.0,
0,622,Propionibacterium acnes,1.6476559477278243,0.03640839667814664,0.07834101382488479,17.0,TN,BF19hiseqEd1,2.5958682112,CSF,12.5,nan,10317688.0,1.0,
0,622,Erythrobacter litoralis,0.6784465667114571,0.014991692749825085,0.03225806451612903,7.0,Extra TN,BF19hiseqEd1,2.5958682112,CSF,12.5,nan,10317688.0,1.0,
0,622,Achromobacter xylosoxidans,0.6784465667114571,0.014991692749825085,0.03225806451612903,7.0,Extra TN,BF19hiseqEd1,2.5958682112,CSF,12.5,nan,10317688.0,1.0,
0,622,Klebsiella oxytoca,0.4846046905081836,0.010708351964160775,0.02304147465437788,5.0,Extra TN,BF19hiseqEd1,2.5958682112,CSF,12.5,nan,10317688.0,1.0,
0,622,Pseudomonas stutzeri,0.3876837524065469,0.00856668157132862,0.018433179723502304,4.0,Extra TN,BF19hiseqEd1,2.5958682112,CSF,12.5,nan,10317688.0,1.0,
0,622,Sphingomonas taxi,0.3876837524065469,0.00856668157132862,0.018433179723502304,4.0,Extra TN,BF19hiseqEd1,2.5958682112,CSF,12.5,nan,10317688.0,1.0,
0,622,Aeromonas hydrophila,0.2907628143049102,0.0064250111784964654,0.013824884792626729,3.0,Extra TN,BF19hiseqEd1,2.5958682112,CSF,12.5,nan,10317688.0,1.0,
0,622,Zymomonas mobilis,0.2907628143049102,0.0064250111784964654,0.013824884792626729,3.0,Extra TN,BF19hiseqEd1,2.5958682112,CSF,12.5,nan,10317688.0,1.0,
0,622,Sphingomonas wittichii,0.2907628143049102,0.0064250111784964654,0.013824884792626729,3.0,Extra TN,BF19hiseqEd1,2.5958682112,CSF,12.5,nan,10317688.0,1.0,
0,622,Paracoccus denitrificans,0.2907628143049102,0.0064250111784964654,0.013824884792626729,3.0,Extra TN,BF19hiseqEd1,2.5958682112,CSF,12.5,nan,10317688.0,1.0,
0,637,Achromobacter xylosoxidans,38.982103933622355,0.026918466832405428,0.17549956559513466,202.0,TN,BF19hiseqEd1,2.5958682112,CSF,17.5,nan,5181865.0,1.0,
0,637,Escherichia coli,10.420958477304985,0.007196025786880659,0.04691572545612511,54.0,Extra TN,BF19hiseqEd1,2.5958682112,CSF,17.5,nan,5181865.0,1.0,
0,637,Erythrobacter litoralis,8.877112776963507,0.006129947892527969,0.03996524761077324,46.0,Extra TN,BF19hiseqEd1,2.5958682112,CSF,17.5,nan,5181865.0,1.0,
0,637,Propionibacterium acnes,5.789421376280548,0.0039977921038225886,0.026064291920069503,30.0,Extra TN,BF19hiseqEd1,2.5958682112,CSF,17.5,nan,5181865.0,1.0,
0,637,Klebsiella oxytoca,5.4034599511951775,0.0037312726302344153,0.02432667245873154,28.0,Extra TN,BF19hiseqEd1,2.5958682112,CSF,17.5,nan,5181865.0,1.0,
0,637,Pseudomonas stutzeri,4.245575675939069,0.0029317142094698982,0.019113814074717638,22.0,Extra TN,BF19hiseqEd1,2.5958682112,CSF,17.5,nan,5181865.0,1.0,
0,637,Novosphingobium aromaticivorans,2.7017299755975888,0.0018656363151172077,0.01216333622936577,14.0,Extra TN,BF19hiseqEd1,2.5958682112,CSF,17.5,nan,5181865.0,1.0,
0,637,Sphingomonas wittichii,2.7017299755975888,0.0018656363151172077,0.01216333622936577,14.0,Extra TN,BF19hiseqEd1,2.5958682112,CSF,17.5,nan,5181865.0,1.0,
0,637,Leifsonia xyli,2.315768550512219,0.0015991168415290353,0.010425716768027803,12.0,Extra TN,BF19hiseqEd1,2.5958682112,CSF,17.5,nan,5181865.0,1.0,
0,637,Micrococcus luteus,2.315768550512219,0.0015991168415290353,0.010425716768027803,12.0,Extra TN,BF19hiseqEd1,2.5958682112,CSF,17.5,nan,5181865.0,1.0,
0,495,Achromobacter xylosoxidans,0.16398546334461633,0.16398546334461633,0.125,2.0,TN,BF16hiseq,2.5958682112,Pleural Fluid,7.0,nan,12196203.0,1.0,
0,495,Propionibacterium acnes,0.08199273167230817,0.08199273167230817,0.0625,1.0,Extra TN,BF16hiseq,2.5958682112,Pleural Fluid,7.0,nan,12196203.0,1.0,
0,495,Bordetella bronchiseptica,0.08199273167230817,0.08199273167230817,0.0625,1.0,Extra TN,BF16hiseq,2.5958682112,Pleural Fluid,7.0,nan,12196203.0,1.0,
0,495,Delftia acidovorans,0.08199273167230817,0.08199273167230817,0.0625,1.0,Extra TN,BF16hiseq,2.5958682112,Pleural Fluid,7.0,nan,12196203.0,1.0,
0,495,Escherichia coli,0.08199273167230817,0.08199273167230817,0.0625,1.0,Extra TN,BF16hiseq,2.5958682112,Pleural Fluid,7.0,nan,12196203.0,1.0,
0,495,Pseudomonas denitrificans,0.0,0.0,0.0,0.0,Extra TN,BF16hiseq,2.5958682112,Pleural Fluid,7.0,nan,12196203.0,1.0,
0,495,Propionibacterium propionicum,0.0,0.0,0.0,0.0,Extra TN,BF16hiseq,2.5958682112,Pleural Fluid,7.0,nan,12196203.0,1.0,
0,495,Pseudoalteromonas haloplanktis,0.0,0.0,0.0,0.0,Extra TN,BF16hiseq,2.5958682112,Pleural Fluid,7.0,nan,12196203.0,1.0,
0,495,Pseudoalteromonas sp. SM9913,0.0,0.0,0.0,0.0,Extra TN,BF16hiseq,2.5958682112,Pleural Fluid,7.0,nan,12196203.0,1.0,
0,495,Azotobacter chroococcum,0.0,0.0,0.0,0.0,Extra TN,BF16hiseq,2.5958682112,Pleural Fluid,7.0,nan,12196203.0,1.0,
0,952,Aggregatibacter aphrophilus,10.36856120578138,10.36856120578138,0.7325581395348837,63.0,TP,BF22bc,2.5958682112,Abscess,7.0,Bacteria,6076060.0,25.0,
0,952,Aggregatibacter actinomycetemcomitans,1.3166426927976354,0.0,0.09302325581395349,8.0,TN,BF22bc,2.5958682112,Abscess,7.0,Bacteria,6076060.0,25.0,
0,952,Haemophilus influenzae,0.32916067319940884,0.0,0.023255813953488372,2.0,Extra TN,BF22bc,2.5958682112,Abscess,7.0,Bacteria,6076060.0,25.0,
0,952,Acetobacter pasteurianus,0.0,0.0,0.0,0.0,Extra TN,BF22bc,2.5958682112,Abscess,7.0,Bacteria,6076060.0,25.0,
0,952,Pseudomonas rhizosphaerae,0.0,0.0,0.0,0.0,Extra TN,BF22bc,2.5958682112,Abscess,7.0,Bacteria,6076060.0,25.0,
0,952,Pseudomonas plecoglossicida,0.0,0.0,0.0,0.0,Extra TN,BF22bc,2.5958682112,Abscess,7.0,Bacteria,6076060.0,25.0,
0,952,Pseudomonas poae,0.0,0.0,0.0,0.0,Extra TN,BF22bc,2.5958682112,Abscess,7.0,Bacteria,6076060.0,25.0,
0,952,Pseudomonas protegens,0.0,0.0,0.0,0.0,Extra TN,BF22bc,2.5958682112,Abscess,7.0,Bacteria,6076060.0,25.0,
0,952,Pseudomonas pseudoalcaligenes,0.0,0.0,0.0,0.0,Extra TN,BF22bc,2.5958682112,Abscess,7.0,Bacteria,6076060.0,25.0,
0,952,Pseudomonas putida,0.0,0.0,0.0,0.0,Extra TN,BF22bc,2.5958682112,Abscess,7.0,Bacteria,6076060.0,25.0,
0,902,Methylibium petroleiphilum,1.9614590116712416,0.0009577436580425984,0.109375,14.0,TN,BF22bc,2.5958682112,Pleural Fluid,18.0,nan,7137544.0,1.0,
0,902,Achromobacter xylosoxidans,1.821354796551867,0.0008893333967538413,0.1015625,13.0,Extra TN,BF22bc,2.5958682112,Pleural Fluid,18.0,nan,7137544.0,1.0,
0,902,Pseudomonas aeruginosa,0.8406252907162464,0.00041046156773254217,0.046875,6.0,Extra TN,BF22bc,2.5958682112,Pleural Fluid,18.0,nan,7137544.0,1.0,
0,902,Comamonadaceae bacterium B1,0.5604168604774976,0.00027364104515502813,0.03125,4.0,Extra TN,BF22bc,2.5958682112,Pleural Fluid,18.0,nan,7137544.0,1.0,
0,902,Rhodopseudomonas palustris,0.5604168604774976,0.00027364104515502813,0.03125,4.0,Extra TN,BF22bc,2.5958682112,Pleural Fluid,18.0,nan,7137544.0,1.0,
0,902,Lactobacillus crispatus,0.5604168604774976,0.00027364104515502813,0.03125,4.0,Extra TN,BF22bc,2.5958682112,Pleural Fluid,18.0,nan,7137544.0,1.0,
0,902,Methylococcus capsulatus,0.5604168604774976,0.00027364104515502813,0.03125,4.0,Extra TN,BF22bc,2.5958682112,Pleural Fluid,18.0,nan,7137544.0,1.0,
0,902,Nocardia farcinica,0.4203126453581232,0.00020523078386627109,0.0234375,3.0,Extra TN,BF22bc,2.5958682112,Pleural Fluid,18.0,nan,7137544.0,1.0,
0,902,Variovorax paradoxus,0.2802084302387488,0.00013682052257751407,0.015625,2.0,Extra TN,BF22bc,2.5958682112,Pleural Fluid,18.0,nan,7137544.0,1.0,
0,902,Allochromatium vinosum,0.2802084302387488,0.00013682052257751407,0.015625,2.0,Extra TN,BF22bc,2.5958682112,Pleural Fluid,18.0,nan,7137544.0,1.0,
0,947,Achromobacter xylosoxidans,4.803953974384517,0.053076694246802475,0.11842105263157894,36.0,TN,BF22bc,2.5958682112,Pleural Fluid,13.5,nan,7493827.0,1.0,
0,947,Propionibacterium acnes,1.8682043233717565,0.020640936651534294,0.046052631578947366,14.0,Extra TN,BF22bc,2.5958682112,Pleural Fluid,13.5,nan,7493827.0,1.0,
0,947,Alicycliphilus denitrificans,0.9341021616858782,0.010320468325767147,0.023026315789473683,7.0,Extra TN,BF22bc,2.5958682112,Pleural Fluid,13.5,nan,7493827.0,1.0,
0,947,Comamonadaceae bacterium A1,0.9341021616858782,0.010320468325767147,0.023026315789473683,7.0,Extra TN,BF22bc,2.5958682112,Pleural Fluid,13.5,nan,7493827.0,1.0,
0,947,Pseudomonas stutzeri,0.8006589957307528,0.008846115707800412,0.019736842105263157,6.0,Extra TN,BF22bc,2.5958682112,Pleural Fluid,13.5,nan,7493827.0,1.0,
0,947,Rhodopseudomonas palustris,0.8006589957307528,0.008846115707800412,0.019736842105263157,6.0,Extra TN,BF22bc,2.5958682112,Pleural Fluid,13.5,nan,7493827.0,1.0,
0,947,Pseudomonas putida,0.8006589957307528,0.008846115707800412,0.019736842105263157,6.0,Extra TN,BF22bc,2.5958682112,Pleural Fluid,13.5,nan,7493827.0,1.0,
0,947,Pseudomonas fulva,0.5337726638205019,0.005897410471866942,0.013157894736842105,4.0,Extra TN,BF22bc,2.5958682112,Pleural Fluid,13.5,nan,7493827.0,1.0,
0,947,Bradyrhizobium sp. BTAi1,0.5337726638205019,0.005897410471866942,0.013157894736842105,4.0,Extra TN,BF22bc,2.5958682112,Pleural Fluid,13.5,nan,7493827.0,1.0,
0,947,Allochromatium vinosum,0.5337726638205019,0.005897410471866942,0.013157894736842105,4.0,Extra TN,BF22bc,2.5958682112,Pleural Fluid,13.5,nan,7493827.0,1.0,
0,901,Propionibacterium acnes,0.9361551546107046,0.16549041451699253,0.16666666666666666,8.0,TN,BF22bc,2.5958682112,CSF,9.5,nan,8545592.0,1.0,
0,901,Allochromatium vinosum,0.23403878865267616,0.041372603629248134,0.041666666666666664,2.0,Extra TN,BF22bc,2.5958682112,CSF,9.5,nan,8545592.0,1.0,
0,901,Micrococcus luteus,0.23403878865267616,0.041372603629248134,0.041666666666666664,2.0,Extra TN,BF22bc,2.5958682112,CSF,9.5,nan,8545592.0,1.0,
0,901,Variovorax paradoxus,0.23403878865267616,0.041372603629248134,0.041666666666666664,2.0,Extra TN,BF22bc,2.5958682112,CSF,9.5,nan,8545592.0,1.0,
0,901,Achromobacter xylosoxidans,0.23403878865267616,0.041372603629248134,0.041666666666666664,2.0,Extra TN,BF22bc,2.5958682112,CSF,9.5,nan,8545592.0,1.0,
0,901,Paracoccus denitrificans,0.23403878865267616,0.041372603629248134,0.041666666666666664,2.0,Extra TN,BF22bc,2.5958682112,CSF,9.5,nan,8545592.0,1.0,
0,901,Micavibrio aeruginosavorus,0.23403878865267616,0.041372603629248134,0.041666666666666664,2.0,Extra TN,BF22bc,2.5958682112,CSF,9.5,nan,8545592.0,1.0,
0,901,Alicycliphilus denitrificans,0.11701939432633808,0.020686301814624067,0.020833333333333332,1.0,Extra TN,BF22bc,2.5958682112,CSF,9.5,nan,8545592.0,1.0,
0,901,Methylibium petroleiphilum,0.11701939432633808,0.020686301814624067,0.020833333333333332,1.0,Extra TN,BF22bc,2.5958682112,CSF,9.5,nan,8545592.0,1.0,
0,901,Leptothrix cholodnii,0.11701939432633808,0.020686301814624067,0.020833333333333332,1.0,Extra TN,BF22bc,2.5958682112,CSF,9.5,nan,8545592.0,1.0,
0,1033,Acidiphilium multivorum,0.0,0.0,0.0,0.0,TN,BF22ePlus,2.5958682112,Peritoneal Fluid,5.5,nan,18397883.0,1.0,
0,1033,Pseudomonas sp. 8AAV,0.0,0.0,0.0,0.0,Extra TN,BF22ePlus,2.5958682112,Peritoneal Fluid,5.5,nan,18397883.0,1.0,
0,1033,Pseudomonas parafulva,0.0,0.0,0.0,0.0,Extra TN,BF22ePlus,2.5958682112,Peritoneal Fluid,5.5,nan,18397883.0,1.0,
0,1033,Pseudomonas plecoglossicida,0.0,0.0,0.0,0.0,Extra TN,BF22ePlus,2.5958682112,Peritoneal Fluid,5.5,nan,18397883.0,1.0,
0,1033,Pseudomonas poae,0.0,0.0,0.0,0.0,Extra TN,BF22ePlus,2.5958682112,Peritoneal Fluid,5.5,nan,18397883.0,1.0,
0,1033,Pseudomonas protegens,0.0,0.0,0.0,0.0,Extra TN,BF22ePlus,2.5958682112,Peritoneal Fluid,5.5,nan,18397883.0,1.0,
0,1033,Pseudomonas pseudoalcaligenes,0.0,0.0,0.0,0.0,Extra TN,BF22ePlus,2.5958682112,Peritoneal Fluid,5.5,nan,18397883.0,1.0,
0,1033,Pseudomonas putida,0.0,0.0,0.0,0.0,Extra TN,BF22ePlus,2.5958682112,Peritoneal Fluid,5.5,nan,18397883.0,1.0,
0,1033,Pseudomonas resinovorans,0.0,0.0,0.0,0.0,Extra TN,BF22ePlus,2.5958682112,Peritoneal Fluid,5.5,nan,18397883.0,1.0,
0,1033,Pseudomonas rhizosphaerae,0.0,0.0,0.0,0.0,Extra TN,BF22ePlus,2.5958682112,Peritoneal Fluid,5.5,nan,18397883.0,1.0,
0,542,Achromobacter xylosoxidans,0.5056097571087805,0.7150401757714039,0.23809523809523808,15.0,TN,BF17hiseq,2.5958682112,Pleural Fluid,6.5,nan,29667149.0,1.0,
0,542,Corynebacterium sp. ATCC 6931,0.06741463428117073,0.09533869010285384,0.031746031746031744,2.0,Extra TN,BF17hiseq,2.5958682112,Pleural Fluid,6.5,nan,29667149.0,1.0,
0,542,Alicycliphilus denitrificans,0.06741463428117073,0.09533869010285384,0.031746031746031744,2.0,Extra TN,BF17hiseq,2.5958682112,Pleural Fluid,6.5,nan,29667149.0,1.0,
0,542,Nitrosomonas sp. Is79A3,0.06741463428117073,0.09533869010285384,0.031746031746031744,2.0,Extra TN,BF17hiseq,2.5958682112,Pleural Fluid,6.5,nan,29667149.0,1.0,
0,542,Bradyrhizobium sp. S23321,0.03370731714058536,0.04766934505142692,0.015873015873015872,1.0,Extra TN,BF17hiseq,2.5958682112,Pleural Fluid,6.5,nan,29667149.0,1.0,
0,542,Bradyrhizobium diazoefficiens,0.03370731714058536,0.04766934505142692,0.015873015873015872,1.0,Extra TN,BF17hiseq,2.5958682112,Pleural Fluid,6.5,nan,29667149.0,1.0,
0,542,Castellaniella defragrans,0.03370731714058536,0.04766934505142692,0.015873015873015872,1.0,Extra TN,BF17hiseq,2.5958682112,Pleural Fluid,6.5,nan,29667149.0,1.0,
0,542,Pseudomonas plecoglossicida,0.0,0.0,0.0,0.0,Extra TN,BF17hiseq,2.5958682112,Pleural Fluid,6.5,nan,29667149.0,1.0,
0,542,Pseudomonas poae,0.0,0.0,0.0,0.0,Extra TN,BF17hiseq,2.5958682112,Pleural Fluid,6.5,nan,29667149.0,1.0,
0,542,Pseudomonas protegens,0.0,0.0,0.0,0.0,Extra TN,BF17hiseq,2.5958682112,Pleural Fluid,6.5,nan,29667149.0,1.0,
0,563,Pseudomonas fluorescens,0.9268905429164804,1.310821176627848,0.08391608391608392,24.0,TN,BF17hiseq,2.5958682112,Peritoneal Fluid,6.5,nan,25893025.0,5.0,55.6
0,563,Pseudomonas sp. TKP,0.8882701036282937,1.2562036276016877,0.08041958041958042,23.0,Extra TN,BF17hiseq,2.5958682112,Peritoneal Fluid,6.5,nan,25893025.0,5.0,55.6
0,563,Propionibacterium acnes,0.6565474678991736,0.9284983334447257,0.05944055944055944,17.0,Extra TN,BF17hiseq,2.5958682112,Peritoneal Fluid,6.5,nan,25893025.0,5.0,55.6
0,563,Pseudomonas simiae,0.5406861500346136,0.7646456863662447,0.04895104895104895,14.0,Extra TN,BF17hiseq,2.5958682112,Peritoneal Fluid,6.5,nan,25893025.0,5.0,55.6
0,563,Pseudomonas poae,0.2703430750173068,0.3823228431831224,0.024475524475524476,7.0,Extra TN,BF17hiseq,2.5958682112,Peritoneal Fluid,6.5,nan,25893025.0,5.0,55.6
0,563,Pseudomonas putida,0.2703430750173068,0.3823228431831224,0.024475524475524476,7.0,Extra TN,BF17hiseq,2.5958682112,Peritoneal Fluid,6.5,nan,25893025.0,5.0,55.6
0,563,Janthinobacterium agaricidamnosum,0.2317226357291201,0.327705294156962,0.02097902097902098,6.0,Extra TN,BF17hiseq,2.5958682112,Peritoneal Fluid,6.5,nan,25893025.0,5.0,55.6
0,563,Achromobacter xylosoxidans,0.19310219644093343,0.2730877451308017,0.017482517482517484,5.0,Extra TN,BF17hiseq,2.5958682112,Peritoneal Fluid,6.5,nan,25893025.0,5.0,55.6
0,563,Pseudomonas sp. WCS374,0.15448175715274673,0.21847019610464133,0.013986013986013986,4.0,Extra TN,BF17hiseq,2.5958682112,Peritoneal Fluid,6.5,nan,25893025.0,5.0,55.6
0,563,Pseudomonas mandelii,0.11586131786456005,0.163852647078481,0.01048951048951049,3.0,Extra TN,BF17hiseq,2.5958682112,Peritoneal Fluid,6.5,nan,25893025.0,5.0,55.6
0,559,Achromobacter xylosoxidans,43.48335683396512,1.9217110303781963,0.24869413813116656,857.0,TN,BF17hiseq,2.5958682112,CSF,11.5,nan,19708690.0,1.0,
0,559,Propionibacterium acnes,33.08185374065958,1.4620251946401217,0.18920487521764365,652.0,Extra TN,BF17hiseq,2.5958682112,CSF,11.5,nan,19708690.0,1.0,
0,559,Micrococcus luteus,1.9280835002224908,0.0852100573563261,0.011027278003482298,38.0,Extra TN,BF17hiseq,2.5958682112,CSF,11.5,nan,19708690.0,1.0,
0,559,Dermacoccus nishinomiyaensis,1.5221711843861767,0.06727109791288902,0.008705745792222866,30.0,Extra TN,BF17hiseq,2.5958682112,CSF,11.5,nan,19708690.0,1.0,
0,559,Pseudomonas fluorescens,0.9133027106317062,0.04036265874773341,0.00522344747533372,18.0,Extra TN,BF17hiseq,2.5958682112,CSF,11.5,nan,19708690.0,1.0,
0,559,Klebsiella oxytoca,0.9133027106317062,0.04036265874773341,0.00522344747533372,18.0,Extra TN,BF17hiseq,2.5958682112,CSF,11.5,nan,19708690.0,1.0,
0,559,Pseudomonas stutzeri,0.8625636711521668,0.038120288817303775,0.004933255948926291,17.0,Extra TN,BF17hiseq,2.5958682112,CSF,11.5,nan,19708690.0,1.0,
0,559,Comamonas testosteroni,0.7610855921930884,0.03363554895644451,0.004352872896111433,15.0,Extra TN,BF17hiseq,2.5958682112,CSF,11.5,nan,19708690.0,1.0,
0,559,Staphylococcus epidermidis,0.6596075132340099,0.029150809095585237,0.0037724898432965758,13.0,Extra TN,BF17hiseq,2.5958682112,CSF,11.5,nan,19708690.0,1.0,
0,559,Kocuria rhizophila,0.6088684737544707,0.026908439165155607,0.003482298316889147,12.0,Extra TN,BF17hiseq,2.5958682112,CSF,11.5,nan,19708690.0,1.0,
0,BF290,Escherichia coli,0.08336534562605374,0.02947410060407145,0.0024600246002460025,2.0,TN,BF11fixed,2.5958682112,Pleural Fluid,8.5,nan,23990784.0,1.0,
0,BF290,Streptococcus uberis,0.04168267281302687,0.014737050302035724,0.0012300123001230013,1.0,Extra TN,BF11fixed,2.5958682112,Pleural Fluid,8.5,nan,23990784.0,1.0,
0,BF290,Thioalkalivibrio nitratireducens,0.04168267281302687,0.014737050302035724,0.0012300123001230013,1.0,Extra TN,BF11fixed,2.5958682112,Pleural Fluid,8.5,nan,23990784.0,1.0,
0,BF290,Synechococcus sp. KORDI-49,0.04168267281302687,0.014737050302035724,0.0012300123001230013,1.0,Extra TN,BF11fixed,2.5958682112,Pleural Fluid,8.5,nan,23990784.0,1.0,
0,BF290,Comamonadaceae bacterium A1,0.04168267281302687,0.014737050302035724,0.0012300123001230013,1.0,Extra TN,BF11fixed,2.5958682112,Pleural Fluid,8.5,nan,23990784.0,1.0,
0,BF290,Achromobacter xylosoxidans,0.04168267281302687,0.014737050302035724,0.0012300123001230013,1.0,Extra TN,BF11fixed,2.5958682112,Pleural Fluid,8.5,nan,23990784.0,1.0,
0,BF290,Pseudomonas sp. TKP,0.0,0.0,0.0,0.0,Extra TN,BF11fixed,2.5958682112,Pleural Fluid,8.5,nan,23990784.0,1.0,
0,BF290,Pseudomonas sp. WCS374,0.0,0.0,0.0,0.0,Extra TN,BF11fixed,2.5958682112,Pleural Fluid,8.5,nan,23990784.0,1.0,
0,BF290,Pseudomonas stutzeri,0.0,0.0,0.0,0.0,Extra TN,BF11fixed,2.5958682112,Pleural Fluid,8.5,nan,23990784.0,1.0,
0,BF290,Pseudomonas syringae,0.0,0.0,0.0,0.0,Extra TN,BF11fixed,2.5958682112,Pleural Fluid,8.5,nan,23990784.0,1.0,
0,BF310,Achromobacter xylosoxidans,133.59504259626553,2.087422540566649,0.6624203821656051,104.0,TN,BF11fixed,2.5958682112,Pleural Fluid,13.0,nan,778472.0,1.0,
0,BF310,Propionibacterium acnes,11.561109455446053,0.18064233524134457,0.05732484076433121,9.0,Extra TN,BF11fixed,2.5958682112,Pleural Fluid,13.0,nan,778472.0,1.0,
0,BF310,Escherichia coli,2.5691354345435675,0.04014274116474324,0.012738853503184714,2.0,Extra TN,BF11fixed,2.5958682112,Pleural Fluid,13.0,nan,778472.0,1.0,
0,BF310,Comamonas testosteroni,2.5691354345435675,0.04014274116474324,0.012738853503184714,2.0,Extra TN,BF11fixed,2.5958682112,Pleural Fluid,13.0,nan,778472.0,1.0,
0,BF310,Corynebacterium variabile,1.2845677172717838,0.02007137058237162,0.006369426751592357,1.0,Extra TN,BF11fixed,2.5958682112,Pleural Fluid,13.0,nan,778472.0,1.0,
0,BF310,Neorhizobium galegae,1.2845677172717838,0.02007137058237162,0.006369426751592357,1.0,Extra TN,BF11fixed,2.5958682112,Pleural Fluid,13.0,nan,778472.0,1.0,
0,BF310,Pseudomonas mendocina,1.2845677172717838,0.02007137058237162,0.006369426751592357,1.0,Extra TN,BF11fixed,2.5958682112,Pleural Fluid,13.0,nan,778472.0,1.0,
0,BF310,Micrococcus luteus,1.2845677172717838,0.02007137058237162,0.006369426751592357,1.0,Extra TN,BF11fixed,2.5958682112,Pleural Fluid,13.0,nan,778472.0,1.0,
0,BF310,Ralstonia solanacearum,1.2845677172717838,0.02007137058237162,0.006369426751592357,1.0,Extra TN,BF11fixed,2.5958682112,Pleural Fluid,13.0,nan,778472.0,1.0,
0,BF310,Leifsonia xyli,1.2845677172717838,0.02007137058237162,0.006369426751592357,1.0,Extra TN,BF11fixed,2.5958682112,Pleural Fluid,13.0,nan,778472.0,1.0,
0,BF280,Achromobacter xylosoxidans,18.777185498711003,0.41492109992925796,0.41975308641975306,34.0,TN,BF11fixed,2.5958682112,CSF,12.5,nan,1810708.0,1.0,
0,BF280,Alicycliphilus denitrificans,1.6568104851803824,0.0366106852878757,0.037037037037037035,3.0,Extra TN,BF11fixed,2.5958682112,CSF,12.5,nan,1810708.0,1.0,
0,BF280,Propionibacterium acnes,1.1045403234535882,0.024407123525250464,0.024691358024691357,2.0,Extra TN,BF11fixed,2.5958682112,CSF,12.5,nan,1810708.0,1.0,
0,BF280,Pseudomonas aeruginosa,1.1045403234535882,0.024407123525250464,0.024691358024691357,2.0,Extra TN,BF11fixed,2.5958682112,CSF,12.5,nan,1810708.0,1.0,
0,BF280,Ralstonia solanacearum,0.5522701617267941,0.012203561762625232,0.012345679012345678,1.0,Extra TN,BF11fixed,2.5958682112,CSF,12.5,nan,1810708.0,1.0,
0,BF280,Rhizobium etli,0.5522701617267941,0.012203561762625232,0.012345679012345678,1.0,Extra TN,BF11fixed,2.5958682112,CSF,12.5,nan,1810708.0,1.0,
0,BF280,Micrococcus luteus,0.5522701617267941,0.012203561762625232,0.012345679012345678,1.0,Extra TN,BF11fixed,2.5958682112,CSF,12.5,nan,1810708.0,1.0,
0,BF280,Staphylococcus epidermidis,0.5522701617267941,0.012203561762625232,0.012345679012345678,1.0,Extra TN,BF11fixed,2.5958682112,CSF,12.5,nan,1810708.0,1.0,
0,BF280,Meiothermus silvanus,0.5522701617267941,0.012203561762625232,0.012345679012345678,1.0,Extra TN,BF11fixed,2.5958682112,CSF,12.5,nan,1810708.0,1.0,
0,BF280,Sphingomonas taxi,0.5522701617267941,0.012203561762625232,0.012345679012345678,1.0,Extra TN,BF11fixed,2.5958682112,CSF,12.5,nan,1810708.0,1.0,
0,618,Achromobacter xylosoxidans,16.739834599564134,0.2615599156181896,0.38308457711442784,154.0,TN,BF18_redo,2.5958682112,Pleural Fluid,13.0,nan,9199613.0,1.0,
0,618,Propionibacterium acnes,2.934906066157348,0.04585790728370856,0.06716417910447761,27.0,Extra TN,BF18_redo,2.5958682112,Pleural Fluid,13.0,nan,9199613.0,1.0,
0,618,Bradyrhizobium japonicum,2.065304268777393,0.032270379199646766,0.0472636815920398,19.0,Extra TN,BF18_redo,2.5958682112,Pleural Fluid,13.0,nan,9199613.0,1.0,
0,618,Bradyrhizobium sp. S23321,1.9566040441048986,0.03057193818913904,0.04477611940298507,18.0,Extra TN,BF18_redo,2.5958682112,Pleural Fluid,13.0,nan,9199613.0,1.0,
0,618,Bradyrhizobium diazoefficiens,1.73920359475991,0.027175056168123594,0.03980099502487562,16.0,Extra TN,BF18_redo,2.5958682112,Pleural Fluid,13.0,nan,9199613.0,1.0,
0,618,Comamonas testosteroni,0.869601797379955,0.013587528084061797,0.01990049751243781,8.0,Extra TN,BF18_redo,2.5958682112,Pleural Fluid,13.0,nan,9199613.0,1.0,
0,618,Leifsonia xyli,0.4348008986899775,0.006793764042030899,0.009950248756218905,4.0,Extra TN,BF18_redo,2.5958682112,Pleural Fluid,13.0,nan,9199613.0,1.0,
0,618,Delftia acidovorans,0.3261006740174831,0.0050953230315231735,0.007462686567164179,3.0,Extra TN,BF18_redo,2.5958682112,Pleural Fluid,13.0,nan,9199613.0,1.0,
0,618,Ralstonia pickettii,0.3261006740174831,0.0050953230315231735,0.007462686567164179,3.0,Extra TN,BF18_redo,2.5958682112,Pleural Fluid,13.0,nan,9199613.0,1.0,
0,618,Burkholderia cenocepacia,0.3261006740174831,0.0050953230315231735,0.007462686567164179,3.0,Extra TN,BF18_redo,2.5958682112,Pleural Fluid,13.0,nan,9199613.0,1.0,
0,736,Achromobacter xylosoxidans,31.51730730785574,0.12311448167131149,0.07900780891134589,172.0,TN,BF21abEd1,2.5958682112,CSF,15.0,nan,5457319.0,1.0,
0,736,Methylobacterium radiotolerans,21.072618258159363,0.08231491507093501,0.05282498851630684,115.0,Extra TN,BF21abEd1,2.5958682112,CSF,15.0,nan,5457319.0,1.0,
0,736,Propionibacterium acnes,17.4078150828273,0.06799927766729415,0.04363803399173174,95.0,Extra TN,BF21abEd1,2.5958682112,CSF,15.0,nan,5457319.0,1.0,
0,736,Variovorax paradoxus,12.460330796129016,0.04867316717237897,0.03123564538355535,68.0,Extra TN,BF21abEd1,2.5958682112,CSF,15.0,nan,5457319.0,1.0,
0,736,Acinetobacter baumannii,8.978767779563555,0.035073311638920135,0.022508038585209004,49.0,Extra TN,BF21abEd1,2.5958682112,CSF,15.0,nan,5457319.0,1.0,
0,736,Methylobacterium extorquens,8.795527620796951,0.03435752976873809,0.022048690858980247,48.0,Extra TN,BF21abEd1,2.5958682112,CSF,15.0,nan,5457319.0,1.0,
0,736,Alicycliphilus denitrificans,8.429047303263745,0.032925966028374005,0.021129995406522738,46.0,Extra TN,BF21abEd1,2.5958682112,CSF,15.0,nan,5457319.0,1.0,
0,736,Leptothrix cholodnii,5.680444921764698,0.02218923797564335,0.01423977951309141,31.0,Extra TN,BF21abEd1,2.5958682112,CSF,15.0,nan,5457319.0,1.0,
0,736,Polaromonas naphthalenivorans,4.947484286698285,0.019326110494915175,0.01240238860817639,27.0,Extra TN,BF21abEd1,2.5958682112,CSF,15.0,nan,5457319.0,1.0,
0,736,Acidovorax citrulli,4.214523651631873,0.016462983014187003,0.010564997703261369,23.0,Extra TN,BF21abEd1,2.5958682112,CSF,15.0,nan,5457319.0,1.0,
0,192,Haemophilus parainfluenzae,0.12712196755313476,0.022472201323649466,0.03225806451612903,1.0,TN,BF15hiseqPE,2.5958682112,Joint Fluid,9.5,nan,7866461.0,3.571428571,
0,192,Microbacterium testaceum,0.12712196755313476,0.022472201323649466,0.03225806451612903,1.0,Extra TN,BF15hiseqPE,2.5958682112,Joint Fluid,9.5,nan,7866461.0,3.571428571,
0,192,Achromobacter xylosoxidans,0.12712196755313476,0.022472201323649466,0.03225806451612903,1.0,Extra TN,BF15hiseqPE,2.5958682112,Joint Fluid,9.5,nan,7866461.0,3.571428571,
0,192,Ochrobactrum anthropi,0.12712196755313476,0.022472201323649466,0.03225806451612903,1.0,Extra TN,BF15hiseqPE,2.5958682112,Joint Fluid,9.5,nan,7866461.0,3.571428571,
0,192,Granulibacter bethesdensis,0.0,0.0,0.0,0.0,Extra TN,BF15hiseqPE,2.5958682112,Joint Fluid,9.5,nan,7866461.0,3.571428571,
0,192,Porphyromonadaceae bacterium ING2-E5B,0.0,0.0,0.0,0.0,Extra TN,BF15hiseqPE,2.5958682112,Joint Fluid,9.5,nan,7866461.0,3.571428571,
0,192,Parabacteroides distasonis,0.0,0.0,0.0,0.0,Extra TN,BF15hiseqPE,2.5958682112,Joint Fluid,9.5,nan,7866461.0,3.571428571,
0,192,Porphyromonas cangingivalis,0.0,0.0,0.0,0.0,Extra TN,BF15hiseqPE,2.5958682112,Joint Fluid,9.5,nan,7866461.0,3.571428571,
0,192,Porphyromonas circumdentaria,0.0,0.0,0.0,0.0,Extra TN,BF15hiseqPE,2.5958682112,Joint Fluid,9.5,nan,7866461.0,3.571428571,
0,192,Porphyromonas gingivalis,0.0,0.0,0.0,0.0,Extra TN,BF15hiseqPE,2.5958682112,Joint Fluid,9.5,nan,7866461.0,3.571428571,
0,410,Beutenbergia cavernae,0.1401780204788874,0.792966630831424,0.030303030303030304,1.0,TN,BF15hiseqPE,2.5958682112,Joint Fluid,4.5,nan,7133786.0,8.333333332999999,29.0
0,410,Granulibacter bethesdensis,0.0,0.0,0.0,0.0,Extra TN,BF15hiseqPE,2.5958682112,Joint Fluid,4.5,nan,7133786.0,8.333333332999999,29.0
0,410,Tannerella forsythia,0.0,0.0,0.0,0.0,Extra TN,BF15hiseqPE,2.5958682112,Joint Fluid,4.5,nan,7133786.0,8.333333332999999,29.0
0,410,Paludibacter propionicigenes,0.0,0.0,0.0,0.0,Extra TN,BF15hiseqPE,2.5958682112,Joint Fluid,4.5,nan,7133786.0,8.333333332999999,29.0
0,410,Parabacteroides distasonis,0.0,0.0,0.0,0.0,Extra TN,BF15hiseqPE,2.5958682112,Joint Fluid,4.5,nan,7133786.0,8.333333332999999,29.0
0,410,Porphyromonas cangingivalis,0.0,0.0,0.0,0.0,Extra TN,BF15hiseqPE,2.5958682112,Joint Fluid,4.5,nan,7133786.0,8.333333332999999,29.0
0,410,Porphyromonas circumdentaria,0.0,0.0,0.0,0.0,Extra TN,BF15hiseqPE,2.5958682112,Joint Fluid,4.5,nan,7133786.0,8.333333332999999,29.0
0,410,Porphyromonas gingivalis,0.0,0.0,0.0,0.0,Extra TN,BF15hiseqPE,2.5958682112,Joint Fluid,4.5,nan,7133786.0,8.333333332999999,29.0
0,410,Porphyromonas levii,0.0,0.0,0.0,0.0,Extra TN,BF15hiseqPE,2.5958682112,Joint Fluid,4.5,nan,7133786.0,8.333333332999999,29.0
0,410,Porphyromonas somerae,0.0,0.0,0.0,0.0,Extra TN,BF15hiseqPE,2.5958682112,Joint Fluid,4.5,nan,7133786.0,8.333333332999999,29.0
0,412,Granulibacter bethesdensis,0.0,0.0,0.0,0.0,TN,BF15hiseqPE,2.5958682112,Joint Fluid,6.5,nan,6899222.0,12.5,41.5
0,412,Tannerella forsythia,0.0,0.0,0.0,0.0,Extra TN,BF15hiseqPE,2.5958682112,Joint Fluid,6.5,nan,6899222.0,12.5,41.5
0,412,Paludibacter propionicigenes,0.0,0.0,0.0,0.0,Extra TN,BF15hiseqPE,2.5958682112,Joint Fluid,6.5,nan,6899222.0,12.5,41.5
0,412,Parabacteroides distasonis,0.0,0.0,0.0,0.0,Extra TN,BF15hiseqPE,2.5958682112,Joint Fluid,6.5,nan,6899222.0,12.5,41.5
0,412,Porphyromonas cangingivalis,0.0,0.0,0.0,0.0,Extra TN,BF15hiseqPE,2.5958682112,Joint Fluid,6.5,nan,6899222.0,12.5,41.5
0,412,Porphyromonas circumdentaria,0.0,0.0,0.0,0.0,Extra TN,BF15hiseqPE,2.5958682112,Joint Fluid,6.5,nan,6899222.0,12.5,41.5
0,412,Porphyromonas gingivalis,0.0,0.0,0.0,0.0,Extra TN,BF15hiseqPE,2.5958682112,Joint Fluid,6.5,nan,6899222.0,12.5,41.5
0,412,Porphyromonas levii,0.0,0.0,0.0,0.0,Extra TN,BF15hiseqPE,2.5958682112,Joint Fluid,6.5,nan,6899222.0,12.5,41.5
0,412,Porphyromonas somerae,0.0,0.0,0.0,0.0,Extra TN,BF15hiseqPE,2.5958682112,Joint Fluid,6.5,nan,6899222.0,12.5,41.5
0,412,Porphyromonadaceae bacterium ING2-E5B,0.0,0.0,0.0,0.0,Extra TN,BF15hiseqPE,2.5958682112,Joint Fluid,6.5,nan,6899222.0,12.5,41.5
0,411,Granulibacter bethesdensis,0.0,0.0,0.0,0.0,TN,BF15hiseqPE,2.5958682112,Joint Fluid,4.5,nan,8527039.0,5.0,21.4
0,411,Tannerella forsythia,0.0,0.0,0.0,0.0,Extra TN,BF15hiseqPE,2.5958682112,Joint Fluid,4.5,nan,8527039.0,5.0,21.4
0,411,Paludibacter propionicigenes,0.0,0.0,0.0,0.0,Extra TN,BF15hiseqPE,2.5958682112,Joint Fluid,4.5,nan,8527039.0,5.0,21.4
0,411,Parabacteroides distasonis,0.0,0.0,0.0,0.0,Extra TN,BF15hiseqPE,2.5958682112,Joint Fluid,4.5,nan,8527039.0,5.0,21.4
0,411,Porphyromonas cangingivalis,0.0,0.0,0.0,0.0,Extra TN,BF15hiseqPE,2.5958682112,Joint Fluid,4.5,nan,8527039.0,5.0,21.4
0,411,Porphyromonas circumdentaria,0.0,0.0,0.0,0.0,Extra TN,BF15hiseqPE,2.5958682112,Joint Fluid,4.5,nan,8527039.0,5.0,21.4
0,411,Porphyromonas gingivalis,0.0,0.0,0.0,0.0,Extra TN,BF15hiseqPE,2.5958682112,Joint Fluid,4.5,nan,8527039.0,5.0,21.4
0,411,Porphyromonas levii,0.0,0.0,0.0,0.0,Extra TN,BF15hiseqPE,2.5958682112,Joint Fluid,4.5,nan,8527039.0,5.0,21.4
0,411,Porphyromonas somerae,0.0,0.0,0.0,0.0,Extra TN,BF15hiseqPE,2.5958682112,Joint Fluid,4.5,nan,8527039.0,5.0,21.4
0,411,Porphyromonadaceae bacterium ING2-E5B,0.0,0.0,0.0,0.0,Extra TN,BF15hiseqPE,2.5958682112,Joint Fluid,4.5,nan,8527039.0,5.0,21.4
0,1091,Enterobacter cloacae,3.049205641274373,0.0029777398840570048,0.16483516483516483,15.0,TN,BF23ab,2.5958682112,Pleural Fluid,17.0,nan,4919314.0,1.0,
0,1091,Novosphingobium aromaticivorans,0.8131215043398328,0.0007940639690818679,0.04395604395604396,4.0,Extra TN,BF23ab,2.5958682112,Pleural Fluid,17.0,nan,4919314.0,1.0,
0,1091,Rubrivivax gelatinosus,0.8131215043398328,0.0007940639690818679,0.04395604395604396,4.0,Extra TN,BF23ab,2.5958682112,Pleural Fluid,17.0,nan,4919314.0,1.0,
0,1091,Comamonadaceae bacterium B1,0.6098411282548745,0.0005955479768114008,0.03296703296703297,3.0,Extra TN,BF23ab,2.5958682112,Pleural Fluid,17.0,nan,4919314.0,1.0,
0,1091,Rhodopseudomonas palustris,0.6098411282548745,0.0005955479768114008,0.03296703296703297,3.0,Extra TN,BF23ab,2.5958682112,Pleural Fluid,17.0,nan,4919314.0,1.0,
0,1091,Comamonas testosteroni,0.4065607521699164,0.00039703198454093397,0.02197802197802198,2.0,Extra TN,BF23ab,2.5958682112,Pleural Fluid,17.0,nan,4919314.0,1.0,
0,1091,Variovorax paradoxus,0.4065607521699164,0.00039703198454093397,0.02197802197802198,2.0,Extra TN,BF23ab,2.5958682112,Pleural Fluid,17.0,nan,4919314.0,1.0,
0,1091,Ralstonia pickettii,0.4065607521699164,0.00039703198454093397,0.02197802197802198,2.0,Extra TN,BF23ab,2.5958682112,Pleural Fluid,17.0,nan,4919314.0,1.0,
0,1091,Pseudomonas stutzeri,0.2032803760849582,0.00019851599227046698,0.01098901098901099,1.0,Extra TN,BF23ab,2.5958682112,Pleural Fluid,17.0,nan,4919314.0,1.0,
0,1091,Staphylococcus warneri,0.2032803760849582,0.00019851599227046698,0.01098901098901099,1.0,Extra TN,BF23ab,2.5958682112,Pleural Fluid,17.0,nan,4919314.0,1.0,
0,1092,Achromobacter xylosoxidans,1.1576149697365683,0.07235093560853552,0.07142857142857142,12.0,TN,BF23ab,2.5958682112,Pleural Fluid,11.0,nan,10366141.0,1.0,
0,1092,Burkholderia lata,0.6752753990129982,0.042204712438312385,0.041666666666666664,7.0,Extra TN,BF23ab,2.5958682112,Pleural Fluid,11.0,nan,10366141.0,1.0,
0,1092,Serratia plymuthica,0.5788074848682842,0.03617546780426776,0.03571428571428571,6.0,Extra TN,BF23ab,2.5958682112,Pleural Fluid,11.0,nan,10366141.0,1.0,
0,1092,Enterobacter cloacae,0.3858716565788561,0.024116978536178505,0.023809523809523808,4.0,Extra TN,BF23ab,2.5958682112,Pleural Fluid,11.0,nan,10366141.0,1.0,
0,1092,Bradyrhizobium sp. S23321,0.3858716565788561,0.024116978536178505,0.023809523809523808,4.0,Extra TN,BF23ab,2.5958682112,Pleural Fluid,11.0,nan,10366141.0,1.0,
0,1092,Methylibium petroleiphilum,0.3858716565788561,0.024116978536178505,0.023809523809523808,4.0,Extra TN,BF23ab,2.5958682112,Pleural Fluid,11.0,nan,10366141.0,1.0,
0,1092,Rhodococcus erythropolis,0.2894037424341421,0.01808773390213388,0.017857142857142856,3.0,Extra TN,BF23ab,2.5958682112,Pleural Fluid,11.0,nan,10366141.0,1.0,
0,1092,Leptothrix cholodnii,0.2894037424341421,0.01808773390213388,0.017857142857142856,3.0,Extra TN,BF23ab,2.5958682112,Pleural Fluid,11.0,nan,10366141.0,1.0,
0,1092,Dermacoccus nishinomiyaensis,0.19293582828942804,0.012058489268089253,0.011904761904761904,2.0,Extra TN,BF23ab,2.5958682112,Pleural Fluid,11.0,nan,10366141.0,1.0,
0,1092,Nitrobacter hamburgensis,0.19293582828942804,0.012058489268089253,0.011904761904761904,2.0,Extra TN,BF23ab,2.5958682112,Pleural Fluid,11.0,nan,10366141.0,1.0,
0,1094,Escherichia coli,0.24955292593319067,0.015597057870824417,0.043478260869565216,1.0,TN,BF23ab,2.5958682112,Pleural Fluid,11.0,nan,4007166.0,1.0,
0,1094,Alicycliphilus denitrificans,0.24955292593319067,0.015597057870824417,0.043478260869565216,1.0,Extra TN,BF23ab,2.5958682112,Pleural Fluid,11.0,nan,4007166.0,1.0,
0,1094,Kocuria rhizophila,0.24955292593319067,0.015597057870824417,0.043478260869565216,1.0,Extra TN,BF23ab,2.5958682112,Pleural Fluid,11.0,nan,4007166.0,1.0,
0,1094,Citrobacter freundii,0.24955292593319067,0.015597057870824417,0.043478260869565216,1.0,Extra TN,BF23ab,2.5958682112,Pleural Fluid,11.0,nan,4007166.0,1.0,
0,1094,Micrococcus luteus,0.24955292593319067,0.015597057870824417,0.043478260869565216,1.0,Extra TN,BF23ab,2.5958682112,Pleural Fluid,11.0,nan,4007166.0,1.0,
0,1094,Thermus sp. CCB_US3_UF1,0.24955292593319067,0.015597057870824417,0.043478260869565216,1.0,Extra TN,BF23ab,2.5958682112,Pleural Fluid,11.0,nan,4007166.0,1.0,
0,1094,Rhodococcus erythropolis,0.24955292593319067,0.015597057870824417,0.043478260869565216,1.0,Extra TN,BF23ab,2.5958682112,Pleural Fluid,11.0,nan,4007166.0,1.0,
0,1094,Pseudomonas rhizosphaerae,0.0,0.0,0.0,0.0,Extra TN,BF23ab,2.5958682112,Pleural Fluid,11.0,nan,4007166.0,1.0,
0,1094,Pseudomonas savastanoi,0.0,0.0,0.0,0.0,Extra TN,BF23ab,2.5958682112,Pleural Fluid,11.0,nan,4007166.0,1.0,
0,1094,Pseudomonas simiae,0.0,0.0,0.0,0.0,Extra TN,BF23ab,2.5958682112,Pleural Fluid,11.0,nan,4007166.0,1.0,
0,117,Stenotrophomonas maltophilia,7.772785921930138,0.48579912012063364,0.3333333333333333,2.0,TN,BF4miseq,2.5958682112,Pleural Fluid,11.0,nan,257308.0,1.0,
0,117,Aeromonas hydrophila,0.0,0.0,0.0,0.0,Extra TN,BF4miseq,2.5958682112,Pleural Fluid,11.0,nan,257308.0,1.0,
0,117,Agrobacterium tumefaciens,0.0,0.0,0.0,0.0,Extra TN,BF4miseq,2.5958682112,Pleural Fluid,11.0,nan,257308.0,1.0,
0,117,Prevotella ruminicola,0.0,0.0,0.0,0.0,Extra TN,BF4miseq,2.5958682112,Pleural Fluid,11.0,nan,257308.0,1.0,
0,117,Prevotella sp. Sc00026,0.0,0.0,0.0,0.0,Extra TN,BF4miseq,2.5958682112,Pleural Fluid,11.0,nan,257308.0,1.0,
0,117,Propionibacterium acnes,0.0,0.0,0.0,0.0,Extra TN,BF4miseq,2.5958682112,Pleural Fluid,11.0,nan,257308.0,1.0,
0,117,Pseudomonas aeruginosa,0.0,0.0,0.0,0.0,Extra TN,BF4miseq,2.5958682112,Pleural Fluid,11.0,nan,257308.0,1.0,
0,117,Pseudomonas chlororaphis,0.0,0.0,0.0,0.0,Extra TN,BF4miseq,2.5958682112,Pleural Fluid,11.0,nan,257308.0,1.0,
0,117,Pseudomonas fluorescens,0.0,0.0,0.0,0.0,Extra TN,BF4miseq,2.5958682112,Pleural Fluid,11.0,nan,257308.0,1.0,
0,117,Pseudomonas mandelii,0.0,0.0,0.0,0.0,Extra TN,BF4miseq,2.5958682112,Pleural Fluid,11.0,nan,257308.0,1.0,
0,146,Achromobacter xylosoxidans,7.757365133358804,0.3428303431211311,0.26666666666666666,4.0,TN,BF4miseq,2.5958682112,CSF,11.5,nan,515639.0,1.0,
0,146,Leifsonia xyli,1.939341283339701,0.08570758578028277,0.06666666666666667,1.0,Extra TN,BF4miseq,2.5958682112,CSF,11.5,nan,515639.0,1.0,
0,146,Enterococcus faecium,1.939341283339701,0.08570758578028277,0.06666666666666667,1.0,Extra TN,BF4miseq,2.5958682112,CSF,11.5,nan,515639.0,1.0,
0,146,Variovorax paradoxus,1.939341283339701,0.08570758578028277,0.06666666666666667,1.0,Extra TN,BF4miseq,2.5958682112,CSF,11.5,nan,515639.0,1.0,
0,146,Pseudomonas mosselii,1.939341283339701,0.08570758578028277,0.06666666666666667,1.0,Extra TN,BF4miseq,2.5958682112,CSF,11.5,nan,515639.0,1.0,
0,146,Rhodobacter sphaeroides,1.939341283339701,0.08570758578028277,0.06666666666666667,1.0,Extra TN,BF4miseq,2.5958682112,CSF,11.5,nan,515639.0,1.0,
0,146,Propionibacterium acnes,0.0,0.0,0.0,0.0,Extra TN,BF4miseq,2.5958682112,CSF,11.5,nan,515639.0,1.0,
0,146,Pseudomonas aeruginosa,0.0,0.0,0.0,0.0,Extra TN,BF4miseq,2.5958682112,CSF,11.5,nan,515639.0,1.0,
0,146,Pseudomonas chlororaphis,0.0,0.0,0.0,0.0,Extra TN,BF4miseq,2.5958682112,CSF,11.5,nan,515639.0,1.0,
0,146,Pseudomonas fluorescens,0.0,0.0,0.0,0.0,Extra TN,BF4miseq,2.5958682112,CSF,11.5,nan,515639.0,1.0,
